variable_name,instrument,participant_visible_purpose,contains_heading,heading_text,body_text,html_tags_used,whole_block_bold_present_before_correction,final_formatting_status,remaining_live_qa_requirement
owner_intro,owner_consent,Study introduction and voluntary-participation overview,yes,DEA Validation Study – Project Owner Review | Save & Return Later,"This personalised link was sent because you are named as a researcher on one or more projects in the UK Statistics Authority public register. Researchers directly involved in a project may have relevant context that is not visible in the public register entry. Participation is voluntary. After confirming that you are the intended recipient and agreeing to take part, your personalised list of projects will be displayed. You may review one, some, all or none of the listed projects, in any order. Please do not forward this personalised link and do not enter confidential, sensitive or otherwise non-public information. Each project review normally takes approximately 3–5 minutes. To pause an unfinished review, select before leaving. You can then return using the same personalised link.",br | div | strong,no,audited_no_change,Confirm semantic HTML renders as recorded after dictionary import.
participant_info_link,owner_consent,Non-production placeholder for the approved Participant Information PDF,yes,Participant Information Sheet v3,Read the full approved Participant Information Sheet displayed here before answering the consent questions.,br | div | strong,no,corrected_semantic_html,Attach/link the final approved Participant Information PDF and verify rendering before production.
wrong_recipient_stop,owner_consent,Wrong-recipient termination message,no,,This personalised link is intended only for the researcher to whom it was sent. Please do not complete or forward it. No project reviews will be displayed.,div,no,audited_no_change,Confirm semantic HTML renders as recorded after dictionary import.
consent_decline_stop,owner_consent,Consent-decline termination message,no,,"Thank you for considering the study. You have chosen not to take part, and no project reviews will be displayed. This will have no adverse consequences.",div,no,audited_no_change,Confirm semantic HTML renders as recorded after dictionary import.
po_intro,project_review,Concise classification orientation matching canonical Questionnaire Section 2,yes,How the classifications work,"Research Domains describe what the project is about. Several may apply, and they are not ranked. Analytical Purposes describe what the project is trying to do analytically. One or two may apply. A Research Domain or Analytical Purpose should be treated as applying only when it is a substantive focus of the project’s research question or analytical aims—not merely because related terms, datasets, variables, methods or outcomes are mentioned or used. Cross-cutting tags show whether Demographic disparities / equity or COVID-19 & Pandemic is a central feature of the research question. Either, both or neither may apply. Each proposed classification is shown with a definition. Please judge each one independently against the actual project and then assess whether its basis is visible in the public register entry.",br | div | strong,no,corrected_semantic_html,"Verify exact wording before the read-only classification overview and confirm that only the governing phrase is visibly bold on desktop and mobile, with no literal or malformed HTML."
po_classification_overview,project_review,"Read-only summary of every proposed Domain, Purpose and both tag statuses",yes,Classification overview | Research Domains | Analytical Purposes | Cross-cutting tags,The proposed classifications are summarised below for context. Please judge each item independently in the sections that follow. [prop_domain_summary] [prop_purpose_summary] [prop_tag_summary],br | div | strong,no,corrected_semantic_html,Confirm semantic HTML renders as recorded after dictionary import.
po_privacy,project_review,Confidentiality and non-public-information warning,yes,Important,"Please do not include confidential, sensitive or otherwise non-public information in your answers. Where wider project context affects your answer, describe it only at a general level you are comfortable sharing.",br | div | strong,no,corrected_semantic_html,Confirm semantic HTML renders as recorded after dictionary import.
po_d01_display,project_review,Proposed Research Domain label and inline microdefinition,yes,[prop_d01_label],What this domain covers: [prop_d01_def],br | div | span | strong,no,audited_no_change,Verify piped canonical label is bold and piped microdefinition remains normal weight in live QA.
po_d02_display,project_review,Proposed Research Domain label and inline microdefinition,yes,[prop_d02_label],What this domain covers: [prop_d02_def],br | div | span | strong,no,audited_no_change,Verify piped canonical label is bold and piped microdefinition remains normal weight in live QA.
po_d03_display,project_review,Proposed Research Domain label and inline microdefinition,yes,[prop_d03_label],What this domain covers: [prop_d03_def],br | div | span | strong,no,audited_no_change,Verify piped canonical label is bold and piped microdefinition remains normal weight in live QA.
po_d04_display,project_review,Proposed Research Domain label and inline microdefinition,yes,[prop_d04_label],What this domain covers: [prop_d04_def],br | div | span | strong,no,audited_no_change,Verify piped canonical label is bold and piped microdefinition remains normal weight in live QA.
po_p01_display,project_review,Proposed Analytical Purpose label and inline microdefinition,yes,[prop_p01_label],What this purpose covers: [prop_p01_def],br | div | span | strong,no,audited_no_change,Verify piped canonical label is bold and piped microdefinition remains normal weight in live QA.
po_p02_display,project_review,Proposed Analytical Purpose label and inline microdefinition,yes,[prop_p02_label],What this purpose covers: [prop_p02_def],br | div | span | strong,no,audited_no_change,Verify piped canonical label is bold and piped microdefinition remains normal weight in live QA.
po_t01_display,project_review,Canonical label and exact rc3 short definition for Demographic disparities / equity tag,yes,[prop_t01_label],What this tag covers: [prop_t01_def],br | div | span | strong,no,audited_no_change,Verify the piped canonical label and exact rc3 short definition render immediately before the proposed Applied / Not applied status and tag questions.
po_t02_display,project_review,Canonical label and exact rc3 short definition for COVID-19 & Pandemic,yes,[prop_t02_label],What this tag covers: [prop_t02_def],br | div | span | strong,no,audited_no_change,Verify the piped canonical label and exact rc3 short definition render immediately before the proposed Applied / Not applied status and tag questions.
po_miss_purpose_guidance,project_review,Maximum-two Analytical Purposes selection guidance,no,,"The framework assigns a maximum of two Analytical Purposes to each project. Select only the most important missing purpose or purposes, taking account of any proposed purposes that you judged to fit. The resulting classification should contain no more than two purposes in total.",div,no,audited_no_change,Confirm semantic HTML renders as recorded after dictionary import.
po_final_warning,project_review,Final confidentiality and non-public-information reminder,yes,Important,"Comments may be quoted in published outputs, so please avoid including restricted or personally identifying detail in anything you would not want reproduced. You may request withdrawal of this submitted review before the deadline stated in the Participant Information Sheet by contacting the study team and quoting the Review reference shown above.",br | div | strong,no,corrected_semantic_html,Confirm semantic HTML renders as recorded after dictionary import.
po_miss_domain_reminder,project_review,Missing-Domain substantive-subject threshold reminder,no,,"Select a missing Research Domain only if it represents a substantive subject of the project, not merely a dataset, variable, population characteristic or contextual factor used in the research.",div | strong,no,Only the governing phrase is wrapped in supported strong HTML markup,"Verify immediate placement before the checkbox, exact plain wording and clearly bold governing phrase on desktop/mobile without literal HTML or unusable wrapping."
po_miss_purpose_reminder,project_review,Missing-Purpose substantive-analytical-aim threshold reminder,no,,"Select a missing Analytical Purpose only if it represents a substantive analytical aim of the project, not merely a method, analytical step or secondary feature of the work.",div | strong,no,Only the governing phrase is wrapped in supported strong HTML markup,"Verify immediate placement before the checkbox, exact plain wording and clearly bold governing phrase on desktop/mobile without literal HTML or unusable wrapping."
po_miss_domain_reference,project_review,Complete collapsible missing-domain definition reference,yes,What each domain covers,"Labour Market & Employment — Work, employment, earnings, job quality, workforce dynamics, skills demand or labour-market transitions; not employment or earnings used only to measure the consequences of education, health or another substantive exposure unless labour-market outcomes are themselves a central focus. | Education & Skills — Educational participation, attainment, qualifications, admissions, skills acquisition, training, apprenticeships or educational progression, including where later employment or earnings outcomes are used to study the effects of education or training; not education level used only as a subgroup, covariate or worker characteristic. | Health & Social Care — Health, illness, mental health, wellbeing, clinical outcomes, healthcare access or use, mortality as a health outcome, and social care; not mortality studied only as a demographic or population outcome. | Crime & Justice — Offending, victimisation, public safety, policing, courts, sentencing, prisons, probation, family justice, civil justice or justice-system outcomes; not general harm, risk, vulnerability or public-service use without crime, legal proceedings or justice-system involvement. | Business & Productivity — Firms, business behaviour, innovation, productivity, entrepreneurship, trade, investment or firm performance; not firm-level data used only as a setting or source for another substantive question. | Poverty, Wealth & Living Standards — Household income and resources, poverty, wealth, savings, debt, benefits, food insecurity, cost of living or material deprivation; not pay gaps, employment, deprivation indices, area-level disadvantage or demographic inequality unless household resources or living standards are central. | Housing & Planning — Housing, homelessness, tenure, housing markets, residential conditions or mobility, neighbourhood change and planning; domestic energy or environmental exposure belongs here only where a housing, dwelling or residential mechanism is central, not merely because home, place or geography is mentioned. | Migration & Demographics — Population structure or change, migration, fertility, ageing or mortality as a demographic outcome; not every study that includes demographic characteristics or subgroup comparisons. | Environment & Agriculture — The natural environment, climate, energy, agriculture, land use, pollution, decarbonisation or environmental impacts; not “environment” used only to mean a social, economic, family or institutional context. | Public Finance & Taxation — Taxation, tax compliance, tax credits, business rates, public revenue or expenditure, fiscal transfers, tax reliefs or fiscal policy; not private income, debt, wealth, investment or household finances without a public-finance mechanism. | Data Infrastructure & Methodology — Research primarily about data, linkage, measurement, classifications, methods or statistical infrastructure; not merely a substantive project that uses linked data or advanced methods.",br | details | div | strong | summary,no,normal-weight definitions with bold category labels,"Verify <details> expansion, every category and boundary, desktop/mobile wrapping and PDF/export behaviour; use an always-open div if unsupported."
po_miss_purpose_reference,project_review,Complete collapsible missing-purpose definition reference,yes,What each purpose covers,"Descriptive Monitoring — Measuring and describing levels, distributions, patterns or trends across places, populations or time, without primarily testing an exposure–outcome relationship. | Outcome Tracking — Linking a naturally occurring exposure, condition or event to a later outcome, where the exposure is not a deliberate policy or programme. | Life-Course / Trajectory Analysis — Following people, households, firms or cases over time to understand trajectories, transitions or cumulative outcomes. | Service Interaction / Systems Analysis — How people, cases or organisations access, use, move through or are processed by public services. | Policy Evaluation / Impact Analysis — Assessing the implementation, effects or consequences of a specific named policy, programme, regulation or intervention. | Risk Prediction / Early Identification — Predicting risk or identifying at-risk people, groups or places for screening or early targeting. | Methodological / Infrastructure Research — Developing, testing, validating or improving research methods, measures, linkage approaches, infrastructure or data assets.",br | details | div | strong | summary,no,normal-weight definitions with bold category labels,"Verify <details> expansion, every category and boundary, desktop/mobile wrapping and PDF/export behaviour; use an always-open div if unsupported."
po_miss_tag_reference,project_review,Complete collapsible missing-tag definition reference,yes,What each tag covers,"Demographic disparities / equity tag — Comparisons across demographic or equality-relevant groups are central; socioeconomic inequality alone or routine subgroup breakdowns do not qualify. | COVID-19 & Pandemic — COVID-19 or pandemic conditions are a central research focus or lens, not merely the period covered by the data.",br | details | div | strong | summary,no,normal-weight definitions with bold category labels,"Verify <details> expansion, every category and boundary, desktop/mobile wrapping and PDF/export behaviour; use an always-open div if unsupported."
po_register_provenance,project_review,Static public-register provenance,no,,"These details are reproduced from the UK Statistics Authority register of accredited research projects, June 2026 edition.",div,no,normal-weight descriptive text,Verify placement after public project details.
po_miss_domains,project_review,Author-approved missing-Research-Domain checkbox wording,no,,"1, Labour Market & Employment | 2, Education & Skills | 3, Health & Social Care | 4, Crime & Justice | 5, Business & Productivity | 6, Poverty, Wealth & Living Standards | 7, Housing & Planning | 8, Migration & Demographics | 9, Environment & Agriculture | 10, Public Finance & Taxation | 11, Data Infrastructure & Methodology",,no,Exact questionnaire/dictionary wording; semantic concordance author-approved,"Verify all 11 full choices, order, wrapping, desktop/mobile usability, required multi-select behaviour and semantic concordance with full definitions."
