deliverable_id,role,population,dimension,label,source_order,series,quantity,pair,source_file,source_table_id,source_section,source_row_key,source_column_locator,source_value_string,parsed_value,interval_lower_string,parsed_interval_lower,interval_upper_string,parsed_interval_upper,estimate_status,interval_status,original_status_string,interval_method,confidence_level,denominator_string,sample_size,denominator_unit,support_string,support_band,exported_caution,eligible_for_per_label_performance,eligible_for_macro_average,performance_metrics_reportable,unavailable_reason,presentation_note
Table 1,tabulated,baseline,Research Domains,Business & Productivity,1,kappa,kappa,C01 versus C02,analysis/scratch_coder_results/results.md,S5T005,S5,Business & Productivity; C01 versus C02,Estimate / count / flag; Interval lower; Interval upper; Estimate / interval status; method; draws,0.7548485508825453,0.7548485508825453,0.6280430615742347,0.6280430615742347,0.8587820063598938,0.8587820063598938,R,R,R/R; bootstrap_percentile; confidence 95%; valid/invalid/requested draws 2000/0/2000,bootstrap_percentile,95%,150 records,150,records,41,STANDARD,False,True,True,,,
Table 1,tabulated,baseline,Research Domains,Business & Productivity,1,kappa,kappa,C01 versus C03,analysis/scratch_coder_results/results.md,S5T005,S5,Business & Productivity; C01 versus C03,Estimate / count / flag; Interval lower; Interval upper; Estimate / interval status; method; draws,0.6776747342230264,0.6776747342230264,0.5384615384615385,0.5384615384615385,0.8050106357835026,0.8050106357835026,R,R,R/R; bootstrap_percentile; confidence 95%; valid/invalid/requested draws 2000/0/2000,bootstrap_percentile,95%,150 records,150,records,41,STANDARD,False,True,True,,,
Table 1,tabulated,baseline,Research Domains,Business & Productivity,1,kappa,kappa,C02 versus C03,analysis/scratch_coder_results/results.md,S5T005,S5,Business & Productivity; C02 versus C03,Estimate / count / flag; Interval lower; Interval upper; Estimate / interval status; method; draws,0.7397124442240951,0.7397124442240951,0.5884895039140732,0.5884895039140732,0.8524078557913144,0.8524078557913144,R,R,R/R; bootstrap_percentile; confidence 95%; valid/invalid/requested draws 2000/0/2000,bootstrap_percentile,95%,150 records,150,records,41,STANDARD,False,True,True,,,
Table 1,tabulated,baseline,Research Domains,Business & Productivity,1,kappa,kappa,Fable 5 versus C01,analysis/scratch_coder_results/results.md,S5T005,S5,Business & Productivity; Fable 5 versus C01,Estimate / count / flag; Interval lower; Interval upper; Estimate / interval status; method; draws,0.7805642633228839,0.7805642633228839,0.6681391134305029,0.6681391134305029,0.8822605965463108,0.8822605965463108,R,R,R/R; bootstrap_percentile; confidence 95%; valid/invalid/requested draws 2000/0/2000,bootstrap_percentile,95%,150 records,150,records,41,STANDARD,False,True,True,,,
Table 1,tabulated,baseline,Research Domains,Business & Productivity,1,kappa,kappa,Fable 5 versus C02,analysis/scratch_coder_results/results.md,S5T005,S5,Business & Productivity; Fable 5 versus C02,Estimate / count / flag; Interval lower; Interval upper; Estimate / interval status; method; draws,0.8504983388704318,0.8504983388704318,0.7450886957914548,0.7450886957914548,0.9348754008859266,0.9348754008859266,R,R,R/R; bootstrap_percentile; confidence 95%; valid/invalid/requested draws 2000/0/2000,bootstrap_percentile,95%,150 records,150,records,41,STANDARD,False,True,True,,,
Table 1,tabulated,baseline,Research Domains,Business & Productivity,1,kappa,kappa,Fable 5 versus C03,analysis/scratch_coder_results/results.md,S5T005,S5,Business & Productivity; Fable 5 versus C03,Estimate / count / flag; Interval lower; Interval upper; Estimate / interval status; method; draws,0.7750865051903114,0.7750865051903114,0.6499777250438277,0.6499777250438277,0.878048780487805,0.878048780487805,R,R,R/R; bootstrap_percentile; confidence 95%; valid/invalid/requested draws 2000/0/2000,bootstrap_percentile,95%,150 records,150,records,41,STANDARD,False,True,True,,,
Table 1,tabulated,baseline,Research Domains,Crime & Justice,2,kappa,kappa,C01 versus C02,analysis/scratch_coder_results/results.md,S5T009,S5,Crime & Justice; C01 versus C02; C01 versus C03; C02 versus C03; Fable 5 versus C01; Fable 5 versus C02; Fable 5 versus C03,Estimate / count / flag; Interval lower; Interval upper; Estimate / interval status; method; draws,,,,,,,W,W,W/W,,,150 records,150,records,4,RARE,False,False,False,,Intentionally withheld by the source reporting rule.,
Table 1,tabulated,baseline,Research Domains,Crime & Justice,2,kappa,kappa,C01 versus C03,analysis/scratch_coder_results/results.md,S5T009,S5,Crime & Justice; C01 versus C02; C01 versus C03; C02 versus C03; Fable 5 versus C01; Fable 5 versus C02; Fable 5 versus C03,Estimate / count / flag; Interval lower; Interval upper; Estimate / interval status; method; draws,,,,,,,W,W,W/W,,,150 records,150,records,4,RARE,False,False,False,,Intentionally withheld by the source reporting rule.,
Table 1,tabulated,baseline,Research Domains,Crime & Justice,2,kappa,kappa,C02 versus C03,analysis/scratch_coder_results/results.md,S5T009,S5,Crime & Justice; C01 versus C02; C01 versus C03; C02 versus C03; Fable 5 versus C01; Fable 5 versus C02; Fable 5 versus C03,Estimate / count / flag; Interval lower; Interval upper; Estimate / interval status; method; draws,,,,,,,W,W,W/W,,,150 records,150,records,4,RARE,False,False,False,,Intentionally withheld by the source reporting rule.,
Table 1,tabulated,baseline,Research Domains,Crime & Justice,2,kappa,kappa,Fable 5 versus C01,analysis/scratch_coder_results/results.md,S5T009,S5,Crime & Justice; C01 versus C02; C01 versus C03; C02 versus C03; Fable 5 versus C01; Fable 5 versus C02; Fable 5 versus C03,Estimate / count / flag; Interval lower; Interval upper; Estimate / interval status; method; draws,,,,,,,W,W,W/W,,,150 records,150,records,4,RARE,False,False,False,,Intentionally withheld by the source reporting rule.,
Table 1,tabulated,baseline,Research Domains,Crime & Justice,2,kappa,kappa,Fable 5 versus C02,analysis/scratch_coder_results/results.md,S5T009,S5,Crime & Justice; C01 versus C02; C01 versus C03; C02 versus C03; Fable 5 versus C01; Fable 5 versus C02; Fable 5 versus C03,Estimate / count / flag; Interval lower; Interval upper; Estimate / interval status; method; draws,,,,,,,W,W,W/W,,,150 records,150,records,4,RARE,False,False,False,,Intentionally withheld by the source reporting rule.,
Table 1,tabulated,baseline,Research Domains,Crime & Justice,2,kappa,kappa,Fable 5 versus C03,analysis/scratch_coder_results/results.md,S5T009,S5,Crime & Justice; C01 versus C02; C01 versus C03; C02 versus C03; Fable 5 versus C01; Fable 5 versus C02; Fable 5 versus C03,Estimate / count / flag; Interval lower; Interval upper; Estimate / interval status; method; draws,,,,,,,W,W,W/W,,,150 records,150,records,4,RARE,False,False,False,,Intentionally withheld by the source reporting rule.,
Table 1,tabulated,baseline,Research Domains,Data Infrastructure & Methodology,3,kappa,kappa,C01 versus C02,analysis/scratch_coder_results/results.md,S5T009,S5,Data Infrastructure & Methodology; C01 versus C02; C01 versus C03; C02 versus C03; Fable 5 versus C01; Fable 5 versus C02; Fable 5 versus C03,Estimate / count / flag; Interval lower; Interval upper; Estimate / interval status; method; draws,,,,,,,W,W,W/W,,,150 records,150,records,0,RARE,False,False,False,,Intentionally withheld by the source reporting rule.,
Table 1,tabulated,baseline,Research Domains,Data Infrastructure & Methodology,3,kappa,kappa,C01 versus C03,analysis/scratch_coder_results/results.md,S5T009,S5,Data Infrastructure & Methodology; C01 versus C02; C01 versus C03; C02 versus C03; Fable 5 versus C01; Fable 5 versus C02; Fable 5 versus C03,Estimate / count / flag; Interval lower; Interval upper; Estimate / interval status; method; draws,,,,,,,W,W,W/W,,,150 records,150,records,0,RARE,False,False,False,,Intentionally withheld by the source reporting rule.,
Table 1,tabulated,baseline,Research Domains,Data Infrastructure & Methodology,3,kappa,kappa,C02 versus C03,analysis/scratch_coder_results/results.md,S5T009,S5,Data Infrastructure & Methodology; C01 versus C02; C01 versus C03; C02 versus C03; Fable 5 versus C01; Fable 5 versus C02; Fable 5 versus C03,Estimate / count / flag; Interval lower; Interval upper; Estimate / interval status; method; draws,,,,,,,W,W,W/W,,,150 records,150,records,0,RARE,False,False,False,,Intentionally withheld by the source reporting rule.,
Table 1,tabulated,baseline,Research Domains,Data Infrastructure & Methodology,3,kappa,kappa,Fable 5 versus C01,analysis/scratch_coder_results/results.md,S5T009,S5,Data Infrastructure & Methodology; C01 versus C02; C01 versus C03; C02 versus C03; Fable 5 versus C01; Fable 5 versus C02; Fable 5 versus C03,Estimate / count / flag; Interval lower; Interval upper; Estimate / interval status; method; draws,,,,,,,W,W,W/W,,,150 records,150,records,0,RARE,False,False,False,,Intentionally withheld by the source reporting rule.,
Table 1,tabulated,baseline,Research Domains,Data Infrastructure & Methodology,3,kappa,kappa,Fable 5 versus C02,analysis/scratch_coder_results/results.md,S5T009,S5,Data Infrastructure & Methodology; C01 versus C02; C01 versus C03; C02 versus C03; Fable 5 versus C01; Fable 5 versus C02; Fable 5 versus C03,Estimate / count / flag; Interval lower; Interval upper; Estimate / interval status; method; draws,,,,,,,W,W,W/W,,,150 records,150,records,0,RARE,False,False,False,,Intentionally withheld by the source reporting rule.,
Table 1,tabulated,baseline,Research Domains,Data Infrastructure & Methodology,3,kappa,kappa,Fable 5 versus C03,analysis/scratch_coder_results/results.md,S5T009,S5,Data Infrastructure & Methodology; C01 versus C02; C01 versus C03; C02 versus C03; Fable 5 versus C01; Fable 5 versus C02; Fable 5 versus C03,Estimate / count / flag; Interval lower; Interval upper; Estimate / interval status; method; draws,,,,,,,W,W,W/W,,,150 records,150,records,0,RARE,False,False,False,,Intentionally withheld by the source reporting rule.,
Table 1,tabulated,baseline,Research Domains,Education & Skills,4,kappa,kappa,C01 versus C02,analysis/scratch_coder_results/results.md,S5T005,S5,Education & Skills; C01 versus C02,Estimate / count / flag; Interval lower; Interval upper; Estimate / interval status; method; draws,0.6584116140051237,0.6584116140051237,0.4911053521211033,0.4911053521211033,0.7967554675546756,0.7967554675546756,R,R,R/R; bootstrap_percentile; confidence 95%; valid/invalid/requested draws 2000/0/2000,bootstrap_percentile,95%,150 records,150,records,27,LOW SUPPORT,True,True,True,,,
Table 1,tabulated,baseline,Research Domains,Education & Skills,4,kappa,kappa,C01 versus C03,analysis/scratch_coder_results/results.md,S5T005,S5,Education & Skills; C01 versus C03,Estimate / count / flag; Interval lower; Interval upper; Estimate / interval status; method; draws,0.6128150622532647,0.6128150622532647,0.42784310413983834,0.42784310413983834,0.7619218910585817,0.7619218910585817,R,R,R/R; bootstrap_percentile; confidence 95%; valid/invalid/requested draws 2000/0/2000,bootstrap_percentile,95%,150 records,150,records,27,LOW SUPPORT,True,True,True,,,
Table 1,tabulated,baseline,Research Domains,Education & Skills,4,kappa,kappa,C02 versus C03,analysis/scratch_coder_results/results.md,S5T005,S5,Education & Skills; C02 versus C03,Estimate / count / flag; Interval lower; Interval upper; Estimate / interval status; method; draws,0.780915287244401,0.780915287244401,0.6213592233009709,0.6213592233009709,0.9070631970260224,0.9070631970260224,R,R,R/R; bootstrap_percentile; confidence 95%; valid/invalid/requested draws 2000/0/2000,bootstrap_percentile,95%,150 records,150,records,27,LOW SUPPORT,True,True,True,,,
Table 1,tabulated,baseline,Research Domains,Education & Skills,4,kappa,kappa,Fable 5 versus C01,analysis/scratch_coder_results/results.md,S5T005,S5,Education & Skills; Fable 5 versus C01,Estimate / count / flag; Interval lower; Interval upper; Estimate / interval status; method; draws,0.8835705045278136,0.8835705045278136,0.7806796233703526,0.7806796233703526,0.9634591961023143,0.9634591961023143,R,R,R/R; bootstrap_percentile; confidence 95%; valid/invalid/requested draws 2000/0/2000,bootstrap_percentile,95%,150 records,150,records,27,LOW SUPPORT,True,True,True,,,
Table 1,tabulated,baseline,Research Domains,Education & Skills,4,kappa,kappa,Fable 5 versus C02,analysis/scratch_coder_results/results.md,S5T005,S5,Education & Skills; Fable 5 versus C02,Estimate / count / flag; Interval lower; Interval upper; Estimate / interval status; method; draws,0.757085020242915,0.757085020242915,0.612796409834864,0.612796409834864,0.8734680532823795,0.8734680532823795,R,R,R/R; bootstrap_percentile; confidence 95%; valid/invalid/requested draws 2000/0/2000,bootstrap_percentile,95%,150 records,150,records,27,LOW SUPPORT,True,True,True,,,
Table 1,tabulated,baseline,Research Domains,Education & Skills,4,kappa,kappa,Fable 5 versus C03,analysis/scratch_coder_results/results.md,S5T005,S5,Education & Skills; Fable 5 versus C03,Estimate / count / flag; Interval lower; Interval upper; Estimate / interval status; method; draws,0.6790299572039944,0.6790299572039944,0.5176730759366203,0.5176730759366203,0.8140886557978187,0.8140886557978187,R,R,R/R; bootstrap_percentile; confidence 95%; valid/invalid/requested draws 2000/0/2000,bootstrap_percentile,95%,150 records,150,records,27,LOW SUPPORT,True,True,True,,,
Table 1,tabulated,baseline,Research Domains,Environment & Agriculture,5,kappa,kappa,C01 versus C02,analysis/scratch_coder_results/results.md,S5T009,S5,Environment & Agriculture; C01 versus C02; C01 versus C03; C02 versus C03; Fable 5 versus C01; Fable 5 versus C02; Fable 5 versus C03,Estimate / count / flag; Interval lower; Interval upper; Estimate / interval status; method; draws,,,,,,,W,W,W/W,,,150 records,150,records,4,RARE,False,False,False,,Intentionally withheld by the source reporting rule.,
Table 1,tabulated,baseline,Research Domains,Environment & Agriculture,5,kappa,kappa,C01 versus C03,analysis/scratch_coder_results/results.md,S5T009,S5,Environment & Agriculture; C01 versus C02; C01 versus C03; C02 versus C03; Fable 5 versus C01; Fable 5 versus C02; Fable 5 versus C03,Estimate / count / flag; Interval lower; Interval upper; Estimate / interval status; method; draws,,,,,,,W,W,W/W,,,150 records,150,records,4,RARE,False,False,False,,Intentionally withheld by the source reporting rule.,
Table 1,tabulated,baseline,Research Domains,Environment & Agriculture,5,kappa,kappa,C02 versus C03,analysis/scratch_coder_results/results.md,S5T009,S5,Environment & Agriculture; C01 versus C02; C01 versus C03; C02 versus C03; Fable 5 versus C01; Fable 5 versus C02; Fable 5 versus C03,Estimate / count / flag; Interval lower; Interval upper; Estimate / interval status; method; draws,,,,,,,W,W,W/W,,,150 records,150,records,4,RARE,False,False,False,,Intentionally withheld by the source reporting rule.,
Table 1,tabulated,baseline,Research Domains,Environment & Agriculture,5,kappa,kappa,Fable 5 versus C01,analysis/scratch_coder_results/results.md,S5T009,S5,Environment & Agriculture; C01 versus C02; C01 versus C03; C02 versus C03; Fable 5 versus C01; Fable 5 versus C02; Fable 5 versus C03,Estimate / count / flag; Interval lower; Interval upper; Estimate / interval status; method; draws,,,,,,,W,W,W/W,,,150 records,150,records,4,RARE,False,False,False,,Intentionally withheld by the source reporting rule.,
Table 1,tabulated,baseline,Research Domains,Environment & Agriculture,5,kappa,kappa,Fable 5 versus C02,analysis/scratch_coder_results/results.md,S5T009,S5,Environment & Agriculture; C01 versus C02; C01 versus C03; C02 versus C03; Fable 5 versus C01; Fable 5 versus C02; Fable 5 versus C03,Estimate / count / flag; Interval lower; Interval upper; Estimate / interval status; method; draws,,,,,,,W,W,W/W,,,150 records,150,records,4,RARE,False,False,False,,Intentionally withheld by the source reporting rule.,
Table 1,tabulated,baseline,Research Domains,Environment & Agriculture,5,kappa,kappa,Fable 5 versus C03,analysis/scratch_coder_results/results.md,S5T009,S5,Environment & Agriculture; C01 versus C02; C01 versus C03; C02 versus C03; Fable 5 versus C01; Fable 5 versus C02; Fable 5 versus C03,Estimate / count / flag; Interval lower; Interval upper; Estimate / interval status; method; draws,,,,,,,W,W,W/W,,,150 records,150,records,4,RARE,False,False,False,,Intentionally withheld by the source reporting rule.,
Table 1,tabulated,baseline,Research Domains,Health & Social Care,6,kappa,kappa,C01 versus C02,analysis/scratch_coder_results/results.md,S5T005,S5,Health & Social Care; C01 versus C02,Estimate / count / flag; Interval lower; Interval upper; Estimate / interval status; method; draws,0.7345132743362833,0.7345132743362833,0.560952001678797,0.560952001678797,0.8780507621455806,0.8780507621455806,R,R,R/R; bootstrap_percentile; confidence 95%; valid/invalid/requested draws 2000/0/2000,bootstrap_percentile,95%,150 records,150,records,23,LOW SUPPORT,True,True,True,,,
Table 1,tabulated,baseline,Research Domains,Health & Social Care,6,kappa,kappa,C01 versus C03,analysis/scratch_coder_results/results.md,S5T005,S5,Health & Social Care; C01 versus C03,Estimate / count / flag; Interval lower; Interval upper; Estimate / interval status; method; draws,0.7317073170731707,0.7317073170731707,0.5752024100922614,0.5752024100922614,0.8738647830474269,0.8738647830474269,R,R,R/R; bootstrap_percentile; confidence 95%; valid/invalid/requested draws 2000/0/2000,bootstrap_percentile,95%,150 records,150,records,23,LOW SUPPORT,True,True,True,,,
Table 1,tabulated,baseline,Research Domains,Health & Social Care,6,kappa,kappa,C02 versus C03,analysis/scratch_coder_results/results.md,S5T005,S5,Health & Social Care; C02 versus C03,Estimate / count / flag; Interval lower; Interval upper; Estimate / interval status; method; draws,0.7562296858071504,0.7562296858071504,0.5772027210364399,0.5772027210364399,0.8972963254827502,0.8972963254827502,R,R,R/R; bootstrap_percentile; confidence 95%; valid/invalid/requested draws 2000/0/2000,bootstrap_percentile,95%,150 records,150,records,23,LOW SUPPORT,True,True,True,,,
Table 1,tabulated,baseline,Research Domains,Health & Social Care,6,kappa,kappa,Fable 5 versus C01,analysis/scratch_coder_results/results.md,S5T005,S5,Health & Social Care; Fable 5 versus C01,Estimate / count / flag; Interval lower; Interval upper; Estimate / interval status; method; draws,0.8559999999999999,0.8559999999999999,0.7239186731202019,0.7239186731202019,0.9560893142429471,0.9560893142429471,R,R,R/R; bootstrap_percentile; confidence 95%; valid/invalid/requested draws 2000/0/2000,bootstrap_percentile,95%,150 records,150,records,23,LOW SUPPORT,True,True,True,,,
Table 1,tabulated,baseline,Research Domains,Health & Social Care,6,kappa,kappa,Fable 5 versus C02,analysis/scratch_coder_results/results.md,S5T005,S5,Health & Social Care; Fable 5 versus C02,Estimate / count / flag; Interval lower; Interval upper; Estimate / interval status; method; draws,0.7876106194690266,0.7876106194690266,0.6251561849229489,0.6251561849229489,0.9166915420892151,0.9166915420892151,R,R,R/R; bootstrap_percentile; confidence 95%; valid/invalid/requested draws 2000/0/2000,bootstrap_percentile,95%,150 records,150,records,23,LOW SUPPORT,True,True,True,,,
Table 1,tabulated,baseline,Research Domains,Health & Social Care,6,kappa,kappa,Fable 5 versus C03,analysis/scratch_coder_results/results.md,S5T005,S5,Health & Social Care; Fable 5 versus C03,Estimate / count / flag; Interval lower; Interval upper; Estimate / interval status; method; draws,0.829268292682927,0.829268292682927,0.6927129060579454,0.6927129060579454,0.9367482175316844,0.9367482175316844,R,R,R/R; bootstrap_percentile; confidence 95%; valid/invalid/requested draws 2000/0/2000,bootstrap_percentile,95%,150 records,150,records,23,LOW SUPPORT,True,True,True,,,
Table 1,tabulated,baseline,Research Domains,Housing & Planning,7,kappa,kappa,C01 versus C02,analysis/scratch_coder_results/results.md,S5T009,S5,Housing & Planning; C01 versus C02; C01 versus C03; C02 versus C03; Fable 5 versus C01; Fable 5 versus C02; Fable 5 versus C03,Estimate / count / flag; Interval lower; Interval upper; Estimate / interval status; method; draws,,,,,,,W,W,W/W,,,150 records,150,records,0,RARE,False,False,False,,Intentionally withheld by the source reporting rule.,
Table 1,tabulated,baseline,Research Domains,Housing & Planning,7,kappa,kappa,C01 versus C03,analysis/scratch_coder_results/results.md,S5T009,S5,Housing & Planning; C01 versus C02; C01 versus C03; C02 versus C03; Fable 5 versus C01; Fable 5 versus C02; Fable 5 versus C03,Estimate / count / flag; Interval lower; Interval upper; Estimate / interval status; method; draws,,,,,,,W,W,W/W,,,150 records,150,records,0,RARE,False,False,False,,Intentionally withheld by the source reporting rule.,
Table 1,tabulated,baseline,Research Domains,Housing & Planning,7,kappa,kappa,C02 versus C03,analysis/scratch_coder_results/results.md,S5T009,S5,Housing & Planning; C01 versus C02; C01 versus C03; C02 versus C03; Fable 5 versus C01; Fable 5 versus C02; Fable 5 versus C03,Estimate / count / flag; Interval lower; Interval upper; Estimate / interval status; method; draws,,,,,,,W,W,W/W,,,150 records,150,records,0,RARE,False,False,False,,Intentionally withheld by the source reporting rule.,
Table 1,tabulated,baseline,Research Domains,Housing & Planning,7,kappa,kappa,Fable 5 versus C01,analysis/scratch_coder_results/results.md,S5T009,S5,Housing & Planning; C01 versus C02; C01 versus C03; C02 versus C03; Fable 5 versus C01; Fable 5 versus C02; Fable 5 versus C03,Estimate / count / flag; Interval lower; Interval upper; Estimate / interval status; method; draws,,,,,,,W,W,W/W,,,150 records,150,records,0,RARE,False,False,False,,Intentionally withheld by the source reporting rule.,
Table 1,tabulated,baseline,Research Domains,Housing & Planning,7,kappa,kappa,Fable 5 versus C02,analysis/scratch_coder_results/results.md,S5T009,S5,Housing & Planning; C01 versus C02; C01 versus C03; C02 versus C03; Fable 5 versus C01; Fable 5 versus C02; Fable 5 versus C03,Estimate / count / flag; Interval lower; Interval upper; Estimate / interval status; method; draws,,,,,,,W,W,W/W,,,150 records,150,records,0,RARE,False,False,False,,Intentionally withheld by the source reporting rule.,
Table 1,tabulated,baseline,Research Domains,Housing & Planning,7,kappa,kappa,Fable 5 versus C03,analysis/scratch_coder_results/results.md,S5T009,S5,Housing & Planning; C01 versus C02; C01 versus C03; C02 versus C03; Fable 5 versus C01; Fable 5 versus C02; Fable 5 versus C03,Estimate / count / flag; Interval lower; Interval upper; Estimate / interval status; method; draws,,,,,,,W,W,W/W,,,150 records,150,records,0,RARE,False,False,False,,Intentionally withheld by the source reporting rule.,
Table 1,tabulated,baseline,Research Domains,Labour Market & Employment,8,kappa,kappa,C01 versus C02,analysis/scratch_coder_results/results.md,S5T005,S5,Labour Market & Employment; C01 versus C02,Estimate / count / flag; Interval lower; Interval upper; Estimate / interval status; method; draws,0.6526315789473685,0.6526315789473685,0.5229083525124977,0.5229083525124977,0.7772456422084871,0.7772456422084871,R,R,R/R; bootstrap_percentile; confidence 95%; valid/invalid/requested draws 2000/0/2000,bootstrap_percentile,95%,150 records,150,records,39,STANDARD,False,True,True,,,
Table 1,tabulated,baseline,Research Domains,Labour Market & Employment,8,kappa,kappa,C01 versus C03,analysis/scratch_coder_results/results.md,S5T005,S5,Labour Market & Employment; C01 versus C03,Estimate / count / flag; Interval lower; Interval upper; Estimate / interval status; method; draws,0.6043956043956042,0.6043956043956042,0.46564008273960006,0.46564008273960006,0.7367334296923396,0.7367334296923396,R,R,R/R; bootstrap_percentile; confidence 95%; valid/invalid/requested draws 2000/0/2000,bootstrap_percentile,95%,150 records,150,records,39,STANDARD,False,True,True,,,
Table 1,tabulated,baseline,Research Domains,Labour Market & Employment,8,kappa,kappa,C02 versus C03,analysis/scratch_coder_results/results.md,S5T005,S5,Labour Market & Employment; C02 versus C03,Estimate / count / flag; Interval lower; Interval upper; Estimate / interval status; method; draws,0.7087378640776698,0.7087378640776698,0.5614928033175443,0.5614928033175443,0.8271101524272,0.8271101524272,R,R,R/R; bootstrap_percentile; confidence 95%; valid/invalid/requested draws 2000/0/2000,bootstrap_percentile,95%,150 records,150,records,39,STANDARD,False,True,True,,,
Table 1,tabulated,baseline,Research Domains,Labour Market & Employment,8,kappa,kappa,Fable 5 versus C01,analysis/scratch_coder_results/results.md,S5T005,S5,Labour Market & Employment; Fable 5 versus C01,Estimate / count / flag; Interval lower; Interval upper; Estimate / interval status; method; draws,0.5631067961165049,0.5631067961165049,0.4285595537340755,0.4285595537340755,0.6881522465366263,0.6881522465366263,R,R,R/R; bootstrap_percentile; confidence 95%; valid/invalid/requested draws 2000/0/2000,bootstrap_percentile,95%,150 records,150,records,39,STANDARD,False,True,True,,,
Table 1,tabulated,baseline,Research Domains,Labour Market & Employment,8,kappa,kappa,Fable 5 versus C02,analysis/scratch_coder_results/results.md,S5T005,S5,Labour Market & Employment; Fable 5 versus C02,Estimate / count / flag; Interval lower; Interval upper; Estimate / interval status; method; draws,0.6068548387096774,0.6068548387096774,0.467042382099153,0.467042382099153,0.731793453033136,0.731793453033136,R,R,R/R; bootstrap_percentile; confidence 95%; valid/invalid/requested draws 2000/0/2000,bootstrap_percentile,95%,150 records,150,records,39,STANDARD,False,True,True,,,
Table 1,tabulated,baseline,Research Domains,Labour Market & Employment,8,kappa,kappa,Fable 5 versus C03,analysis/scratch_coder_results/results.md,S5T005,S5,Labour Market & Employment; Fable 5 versus C03,Estimate / count / flag; Interval lower; Interval upper; Estimate / interval status; method; draws,0.6256239600665556,0.6256239600665556,0.4951140065146581,0.4951140065146581,0.7532640392965889,0.7532640392965889,R,R,R/R; bootstrap_percentile; confidence 95%; valid/invalid/requested draws 2000/0/2000,bootstrap_percentile,95%,150 records,150,records,39,STANDARD,False,True,True,,,
Table 1,tabulated,baseline,Research Domains,Migration & Demographics,9,kappa,kappa,C01 versus C02,analysis/scratch_coder_results/results.md,S5T009,S5,Migration & Demographics; C01 versus C02; C01 versus C03; C02 versus C03; Fable 5 versus C01; Fable 5 versus C02; Fable 5 versus C03,Estimate / count / flag; Interval lower; Interval upper; Estimate / interval status; method; draws,,,,,,,W,W,W/W,,,150 records,150,records,9,RARE,False,False,False,,Intentionally withheld by the source reporting rule.,
Table 1,tabulated,baseline,Research Domains,Migration & Demographics,9,kappa,kappa,C01 versus C03,analysis/scratch_coder_results/results.md,S5T009,S5,Migration & Demographics; C01 versus C02; C01 versus C03; C02 versus C03; Fable 5 versus C01; Fable 5 versus C02; Fable 5 versus C03,Estimate / count / flag; Interval lower; Interval upper; Estimate / interval status; method; draws,,,,,,,W,W,W/W,,,150 records,150,records,9,RARE,False,False,False,,Intentionally withheld by the source reporting rule.,
Table 1,tabulated,baseline,Research Domains,Migration & Demographics,9,kappa,kappa,C02 versus C03,analysis/scratch_coder_results/results.md,S5T009,S5,Migration & Demographics; C01 versus C02; C01 versus C03; C02 versus C03; Fable 5 versus C01; Fable 5 versus C02; Fable 5 versus C03,Estimate / count / flag; Interval lower; Interval upper; Estimate / interval status; method; draws,,,,,,,W,W,W/W,,,150 records,150,records,9,RARE,False,False,False,,Intentionally withheld by the source reporting rule.,
Table 1,tabulated,baseline,Research Domains,Migration & Demographics,9,kappa,kappa,Fable 5 versus C01,analysis/scratch_coder_results/results.md,S5T009,S5,Migration & Demographics; C01 versus C02; C01 versus C03; C02 versus C03; Fable 5 versus C01; Fable 5 versus C02; Fable 5 versus C03,Estimate / count / flag; Interval lower; Interval upper; Estimate / interval status; method; draws,,,,,,,W,W,W/W,,,150 records,150,records,9,RARE,False,False,False,,Intentionally withheld by the source reporting rule.,
Table 1,tabulated,baseline,Research Domains,Migration & Demographics,9,kappa,kappa,Fable 5 versus C02,analysis/scratch_coder_results/results.md,S5T009,S5,Migration & Demographics; C01 versus C02; C01 versus C03; C02 versus C03; Fable 5 versus C01; Fable 5 versus C02; Fable 5 versus C03,Estimate / count / flag; Interval lower; Interval upper; Estimate / interval status; method; draws,,,,,,,W,W,W/W,,,150 records,150,records,9,RARE,False,False,False,,Intentionally withheld by the source reporting rule.,
Table 1,tabulated,baseline,Research Domains,Migration & Demographics,9,kappa,kappa,Fable 5 versus C03,analysis/scratch_coder_results/results.md,S5T009,S5,Migration & Demographics; C01 versus C02; C01 versus C03; C02 versus C03; Fable 5 versus C01; Fable 5 versus C02; Fable 5 versus C03,Estimate / count / flag; Interval lower; Interval upper; Estimate / interval status; method; draws,,,,,,,W,W,W/W,,,150 records,150,records,9,RARE,False,False,False,,Intentionally withheld by the source reporting rule.,
Table 1,tabulated,baseline,Research Domains,"Poverty, Wealth & Living Standards",10,kappa,kappa,C01 versus C02,analysis/scratch_coder_results/results.md,S5T005,S5,"Poverty, Wealth & Living Standards; C01 versus C02",Estimate / count / flag; Interval lower; Interval upper; Estimate / interval status; method; draws,0.24749163879598704,0.24749163879598704,0.022607336872150528,0.022607336872150528,0.4645201582208344,0.4645201582208344,R,R,R/R; bootstrap_percentile; confidence 95%; valid/invalid/requested draws 2000/0/2000,bootstrap_percentile,95%,150 records,150,records,11,LOW SUPPORT,True,True,True,,,
Table 1,tabulated,baseline,Research Domains,"Poverty, Wealth & Living Standards",10,kappa,kappa,C01 versus C03,analysis/scratch_coder_results/results.md,S5T005,S5,"Poverty, Wealth & Living Standards; C01 versus C03",Estimate / count / flag; Interval lower; Interval upper; Estimate / interval status; method; draws,0.2944785276073618,0.2944785276073618,0.07407407407407474,0.07407407407407474,0.5002858218567864,0.5002858218567864,R,R,R/R; bootstrap_percentile; confidence 95%; valid/invalid/requested draws 2000/0/2000,bootstrap_percentile,95%,150 records,150,records,11,LOW SUPPORT,True,True,True,,,
Table 1,tabulated,baseline,Research Domains,"Poverty, Wealth & Living Standards",10,kappa,kappa,C02 versus C03,analysis/scratch_coder_results/results.md,S5T005,S5,"Poverty, Wealth & Living Standards; C02 versus C03",Estimate / count / flag; Interval lower; Interval upper; Estimate / interval status; method; draws,0.6564885496183205,0.6564885496183205,0.40769258893641885,0.40769258893641885,0.8425258753033231,0.8425258753033231,R,R,R/R; bootstrap_percentile; confidence 95%; valid/invalid/requested draws 2000/0/2000,bootstrap_percentile,95%,150 records,150,records,11,LOW SUPPORT,True,True,True,,,
Table 1,tabulated,baseline,Research Domains,"Poverty, Wealth & Living Standards",10,kappa,kappa,Fable 5 versus C01,analysis/scratch_coder_results/results.md,S5T005,S5,"Poverty, Wealth & Living Standards; Fable 5 versus C01",Estimate / count / flag; Interval lower; Interval upper; Estimate / interval status; method; draws,0.3807339449541286,0.3807339449541286,0.1444781283184324,0.1444781283184324,0.5907132687032796,0.5907132687032796,R,R,R/R; bootstrap_percentile; confidence 95%; valid/invalid/requested draws 2000/0/2000,bootstrap_percentile,95%,150 records,150,records,11,LOW SUPPORT,True,True,True,,,
Table 1,tabulated,baseline,Research Domains,"Poverty, Wealth & Living Standards",10,kappa,kappa,Fable 5 versus C02,analysis/scratch_coder_results/results.md,S5T005,S5,"Poverty, Wealth & Living Standards; Fable 5 versus C02",Estimate / count / flag; Interval lower; Interval upper; Estimate / interval status; method; draws,0.45783132530120507,0.45783132530120507,0.1610110785942677,0.1610110785942677,0.7043228806891311,0.7043228806891311,R,R,R/R; bootstrap_percentile; confidence 95%; valid/invalid/requested draws 2000/0/2000,bootstrap_percentile,95%,150 records,150,records,11,LOW SUPPORT,True,True,True,,,
Table 1,tabulated,baseline,Research Domains,"Poverty, Wealth & Living Standards",10,kappa,kappa,Fable 5 versus C03,analysis/scratch_coder_results/results.md,S5T005,S5,"Poverty, Wealth & Living Standards; Fable 5 versus C03",Estimate / count / flag; Interval lower; Interval upper; Estimate / interval status; method; draws,0.4347826086956517,0.4347826086956517,0.1477130206749759,0.1477130206749759,0.6704331450094163,0.6704331450094163,R,R,R/R; bootstrap_percentile; confidence 95%; valid/invalid/requested draws 2000/0/2000,bootstrap_percentile,95%,150 records,150,records,11,LOW SUPPORT,True,True,True,,,
Table 1,tabulated,baseline,Research Domains,Public Finance & Taxation,11,kappa,kappa,C01 versus C02,analysis/scratch_coder_results/results.md,S5T009,S5,Public Finance & Taxation; C01 versus C02; C01 versus C03; C02 versus C03; Fable 5 versus C01; Fable 5 versus C02; Fable 5 versus C03,Estimate / count / flag; Interval lower; Interval upper; Estimate / interval status; method; draws,,,,,,,W,W,W/W,,,150 records,150,records,2,RARE,False,False,False,,Intentionally withheld by the source reporting rule.,
Table 1,tabulated,baseline,Research Domains,Public Finance & Taxation,11,kappa,kappa,C01 versus C03,analysis/scratch_coder_results/results.md,S5T009,S5,Public Finance & Taxation; C01 versus C02; C01 versus C03; C02 versus C03; Fable 5 versus C01; Fable 5 versus C02; Fable 5 versus C03,Estimate / count / flag; Interval lower; Interval upper; Estimate / interval status; method; draws,,,,,,,W,W,W/W,,,150 records,150,records,2,RARE,False,False,False,,Intentionally withheld by the source reporting rule.,
Table 1,tabulated,baseline,Research Domains,Public Finance & Taxation,11,kappa,kappa,C02 versus C03,analysis/scratch_coder_results/results.md,S5T009,S5,Public Finance & Taxation; C01 versus C02; C01 versus C03; C02 versus C03; Fable 5 versus C01; Fable 5 versus C02; Fable 5 versus C03,Estimate / count / flag; Interval lower; Interval upper; Estimate / interval status; method; draws,,,,,,,W,W,W/W,,,150 records,150,records,2,RARE,False,False,False,,Intentionally withheld by the source reporting rule.,
Table 1,tabulated,baseline,Research Domains,Public Finance & Taxation,11,kappa,kappa,Fable 5 versus C01,analysis/scratch_coder_results/results.md,S5T009,S5,Public Finance & Taxation; C01 versus C02; C01 versus C03; C02 versus C03; Fable 5 versus C01; Fable 5 versus C02; Fable 5 versus C03,Estimate / count / flag; Interval lower; Interval upper; Estimate / interval status; method; draws,,,,,,,W,W,W/W,,,150 records,150,records,2,RARE,False,False,False,,Intentionally withheld by the source reporting rule.,
Table 1,tabulated,baseline,Research Domains,Public Finance & Taxation,11,kappa,kappa,Fable 5 versus C02,analysis/scratch_coder_results/results.md,S5T009,S5,Public Finance & Taxation; C01 versus C02; C01 versus C03; C02 versus C03; Fable 5 versus C01; Fable 5 versus C02; Fable 5 versus C03,Estimate / count / flag; Interval lower; Interval upper; Estimate / interval status; method; draws,,,,,,,W,W,W/W,,,150 records,150,records,2,RARE,False,False,False,,Intentionally withheld by the source reporting rule.,
Table 1,tabulated,baseline,Research Domains,Public Finance & Taxation,11,kappa,kappa,Fable 5 versus C03,analysis/scratch_coder_results/results.md,S5T009,S5,Public Finance & Taxation; C01 versus C02; C01 versus C03; C02 versus C03; Fable 5 versus C01; Fable 5 versus C02; Fable 5 versus C03,Estimate / count / flag; Interval lower; Interval upper; Estimate / interval status; method; draws,,,,,,,W,W,W/W,,,150 records,150,records,2,RARE,False,False,False,,Intentionally withheld by the source reporting rule.,
Table 1,tabulated,baseline,Research Domains,Unclear from Register Entry,12,kappa,kappa,C01 versus C02,analysis/scratch_coder_results/results.md,S5T005,S5,Unclear from Register Entry; C01 versus C02,Estimate / count / flag; Interval lower; Interval upper; Estimate / interval status; method; draws,0.23832092078537598,0.23832092078537598,-0.03775091928386179,-0.03775091928386179,0.49581946872708843,0.49581946872708843,R,R,R/R; bootstrap_percentile; confidence 95%; valid/invalid/requested draws 2000/0/2000,bootstrap_percentile,95%,150 records,150,records,13,LOW SUPPORT,True,True,True,,,
Table 1,tabulated,baseline,Research Domains,Unclear from Register Entry,12,kappa,kappa,C01 versus C03,analysis/scratch_coder_results/results.md,S5T005,S5,Unclear from Register Entry; C01 versus C03,Estimate / count / flag; Interval lower; Interval upper; Estimate / interval status; method; draws,0.15014164305949007,0.15014164305949007,0.01795735129068498,0.01795735129068498,0.31423022785613425,0.31423022785613425,R,R,R/R; bootstrap_percentile; confidence 95%; valid/invalid/requested draws 2000/0/2000,bootstrap_percentile,95%,150 records,150,records,13,LOW SUPPORT,True,True,True,,,
Table 1,tabulated,baseline,Research Domains,Unclear from Register Entry,12,kappa,kappa,C02 versus C03,analysis/scratch_coder_results/results.md,S5T005,S5,Unclear from Register Entry; C02 versus C03,Estimate / count / flag; Interval lower; Interval upper; Estimate / interval status; method; draws,0.32195975503062135,0.32195975503062135,0.15194346289752625,0.15194346289752625,0.4912968347690935,0.4912968347690935,R,R,R/R; bootstrap_percentile; confidence 95%; valid/invalid/requested draws 2000/0/2000,bootstrap_percentile,95%,150 records,150,records,13,LOW SUPPORT,True,True,True,,,
Table 1,tabulated,baseline,Research Domains,Unclear from Register Entry,12,kappa,kappa,Fable 5 versus C01,analysis/scratch_coder_results/results.md,S5T005,S5,Unclear from Register Entry; Fable 5 versus C01,Estimate / count / flag; Interval lower; Interval upper; Estimate / interval status; method; draws,0.24114671163574875,0.24114671163574875,0.0,0.0,0.6575342465753422,0.6575342465753422,R,R,R/R; bootstrap_percentile; confidence 95%; valid/invalid/requested draws 1996/4/2000,bootstrap_percentile,95%,150 records,150,records,13,LOW SUPPORT,True,True,True,,,
Table 1,tabulated,baseline,Research Domains,Unclear from Register Entry,12,kappa,kappa,Fable 5 versus C02,analysis/scratch_coder_results/results.md,S5T005,S5,Unclear from Register Entry; Fable 5 versus C02,Estimate / count / flag; Interval lower; Interval upper; Estimate / interval status; method; draws,0.12241224122412374,0.12241224122412374,0.0,0.0,0.3530192435301916,0.3530192435301916,R,R,R/R; bootstrap_percentile; confidence 95%; valid/invalid/requested draws 2000/0/2000,bootstrap_percentile,95%,150 records,150,records,13,LOW SUPPORT,True,True,True,,,
Table 1,tabulated,baseline,Research Domains,Unclear from Register Entry,12,kappa,kappa,Fable 5 versus C03,analysis/scratch_coder_results/results.md,S5T005,S5,Unclear from Register Entry; Fable 5 versus C03,Estimate / count / flag; Interval lower; Interval upper; Estimate / interval status; method; draws,0.037487335359675876,0.037487335359675876,-3.1421406357315754e-16,-3.1421406357315754e-16,0.11741239153396674,0.11741239153396674,R,R,R/R; bootstrap_percentile; confidence 95%; valid/invalid/requested draws 2000/0/2000,bootstrap_percentile,95%,150 records,150,records,13,LOW SUPPORT,True,True,True,,,
