change_id,date_identified,instrument_version,field_or_component,change_description,evidence_or_reason,classification_rule_change,protocol_effect,pilot_or_formal_data_effect,approval,implemented_version,implemented_date,status
REDCAP-006,2026-07-21,redcap-candidate-0.6,sc_taxonomy_fit Field Note and planned coder start-pack illustration,"Added point-of-use guidance that Cannot assess from register entry records inability to judge taxonomy fit from insufficient visible evidence and is distinct from Partial Fit or No Fit, which indicate a genuine taxonomy limitation for a sufficiently understood project.",Further feedback was invited from all three scratch coders; all three responded; no additional substantive taxonomy or instrument concerns were raised; one coder requested clearer operational guidance; screenshot-based guidance remains planned for the coder start pack.,no,Protocol v0.12 records resolved pilot-driven instrument changes and retains fresh live REDCap runtime QA as a pre-use gate.,Candidate-0.3 pilot responses remain unchanged; the clarification applies only to the formal review candidate and changes no stored response code or classification rule.,"Offline repository validation passed; this is not formal approval, instrument freeze, or live-runtime-QA approval.",redcap-candidate-0.6,2026-07-21,"Current review candidate; coder feedback resolved; coder-pack illustration, fresh live REDCap runtime QA, and formal-instrument freeze pending."
REDCAP-007,2026-07-22,redcap-candidate-0.7,record_kind; coder_declaration; sc_blind_decl visibility; sc_exposure wording and note; common scratch guard,"Made the permitted-material declaration a one-time coder-level governance control; preserved the historical candidate-0.3 per-project declaration; and captured prior involvement, professional or institutional familiarity, and accidental prohibited-information exposure separately for every coder–project assignment. A flagged coder still completes classification from permitted evidence.",Exposure can vary by project whereas the permitted-material commitment is made once before formal coding. Candidate 0.6 had been imported and partially inspected but was superseded before final runtime QA; it collected no formal data.,no,"Active unregistered protocol v0.12 is amended in place to specify one declaration per scratch coder, per-project exposure capture, primary retention of flagged responses, conditional sensitivity analysis, and residual-knowledge limitation.","Candidate-0.3 pilot responses, sc_blind_decl codes and historical export mappings remain unchanged. No formal declaration, formal assignment or sample was created.",Formal instrument and governance clarification; repository implementation only. Candidate 0.7 remains a review candidate pending fresh live runtime QA and formal freeze.,redcap-candidate-0.7,2026-07-22,"Current review candidate; not frozen, not live-runtime-QA approved, and not authorised for formal coding."
REDCAP-008,2026-07-22,redcap-candidate-0.7,live runtime QA; restricted C02 access; archive DAG; Formal Coding dashboard; source/live round-trip; instrument freeze,"Completed admin and restricted-user live QA, archived all 35 pilot/QA records in the zero-user pilot_and_qa_archi DAG, verified the empty Formal Coding dashboard before formal import, and froze the verified generated source dictionary.","Strict source/live comparison retained 65 textual differences. Narrow predicates accepted exactly 52 single-leading-space annotation transformations, 12 one-pass entity decodings with unchanged markup structure, and one hidden assignment_id section-header omission; residual mismatches were zero.",no,No scientific protocol prose or analysis rule changed. The instrument live-QA gate is complete; preregistration and all remaining protocol gates continue.,"Pilot and QA records remain validation-excluded; no formal sample, declaration or assignment was created or imported.",Live QA complete and formal instrument frozen for preregistration and subsequent formal scratch coding. Sampling/import remain prohibited until preregistration is final.,redcap-candidate-0.7,2026-07-22,Frozen; live-QA complete; no formal assignments populated; preregistration completion is the next permitted step.
REDCAP-009,2026-07-23,owner-redcap-candidate-0.3,Project Owner record architecture; Survey Queue; repeating Project Review; consent and acknowledgement level; identifier separation; taxonomy delivery; long-format export,"Replaced the unfrozen candidate-0.2 contact/assignment-record architecture with one pseudonymous owner record, one non-repeating consent survey and administrator-created repeating Project Review instances accessed through one owner-specific Survey Queue link. Removed direct identifiers and recruitment/contact administration from PID 9149; moved acknowledgement preference to the owner row without collecting name or affiliation; retained response-specific quotation permission. Added traced inline definitions, conditional 11/7/2 missing-label menus and a long-format synthetic fixture.","The UCL REDCap PID 9150 prototype established that separate pre-created repeat instances remain independently completable/exportable and that untouched assignments remain incomplete rows. Frozen production maxima were recalculated as 4 domains, 2 purposes and 2 tags. Candidate 0.2 was unfrozen, never imported and is preserved byte-for-byte.",no,"Protocol v0.15 still documents the earlier record-per-assignment implementation. Candidate 0.3 is a substantial pre-recruitment architecture candidate pending controlled PID 9149 live QA and a later coordinated participant-document, protocol, ethics and DPO alignment task.","No real participant data, sample, assignment, response or REDCap connection was created. The only fixture contains three synthetic owners and 19 synthetic repeat assignments.",Repository implementation only. Manual controlled import and live QA are not approval or freeze.,owner-redcap-candidate-0.3,2026-07-23,Current Project Owner development candidate; unfrozen; no REDCap connection/import; controlled PID 9149 live QA and Balint approval pending.
REDCAP-010,2026-07-23,owner-redcap-candidate-0.3,Pre-import participant wording and branching; always-reviewed tags; project knowledge; requiredness and analytical completion; taxonomy human review; withdrawal reference,Corrected the still-unfrozen candidate before first import: simplified participant-facing consent text; made acknowledgement optional and independent; preserved the four-level visibility scale; changed both tag blocks to always-visible Applied/Not applied status reviews; aligned the existing project-knowledge pair; tightened conditional requiredness; documented analytical completion; and used assignment_id as the neutral Review reference. Added a 20-row taxonomy human-review table without approving wording.,These corrections implement the agreed pre-import design while preserving the one-owner-record/repeating-review architecture. Both tag statuses must be assessed on every assignment; the missing-tag item remains a documented summary cross-check. Frozen taxonomy labels/rules and production outputs are unchanged.,no,"No protocol or participant-facing Word document was edited. Later coordinated protocol, ethics and participant-document alignment remains required before participant use.","No real participant data, sample, assignment, response or REDCap connection was created. Synthetic fixture scope remains three owners and 19 assignments.",Offline candidate validation and repository regression testing are required; technical controlled synthetic import readiness is not participant-use approval.,owner-redcap-candidate-0.3,2026-07-23,Unfrozen pre-import candidate; technically ready for controlled synthetic PID 9149 import and live QA subject to passing validation; 20 taxonomy definitions remain pending human approval; not approved for participant use.
REDCAP-011,2026-07-23,owner-redcap-candidate-0.3,Layer-qualified owner taxonomy display; proposed-only Unclear definitions; missing-purpose cardinality guidance,"Corrected the unfrozen pre-import taxonomy display so Domain and Purpose Unclear from Register Entry are distinct active proposed-only definitions keyed by layer and label, while remaining absent from missing-label menus. Expanded human review to 22 pending rows, replaced ambiguity boilerplate with blank fields plus targeted prompts, added missing-purpose maximum-two guidance and applied @MAXCHECKED=2.","The frozen source contains three same-named Unclear entries: active Domain and Purpose entries with different definitions, and a removed include_in_prompt=false linkage entry. Layer-qualified mapping preserves the two active meanings and prevents the linkage entry from entering owner outputs. Frozen production maxima remain 4 domains, 2 purposes and 2 tags.",no,No protocol or participant-facing Word document was edited. Analysis guidance now derives fitted proposed purposes plus selected missing purposes and flags implied counts above two as a cardinality/taxonomy issue.,"No real participant data, sample, assignment, response or REDCap connection was created. Candidate 0.2, frozen classifications and taxonomy rules remain unchanged.",Repository implementation and offline validation only; controlled synthetic import/live QA are not participant-use approval.,owner-redcap-candidate-0.3,2026-07-23,Unfrozen pre-import candidate; technically ready for controlled synthetic PID 9149 import and live QA subject to passing validation; all 22 taxonomy definitions remain pending human approval; not approved for participant use.
REDCAP-012,2026-07-23,owner-redcap-candidate-0.3,Final author-approved owner taxonomy display wording; inline/reference separation; participant-reference corrections,"Recorded Balint Stewart's approval of all 22 layer-qualified owner taxonomy entries on 2026-07-23; applied eight exact microdefinition revisions while retaining the other 14; separated immutable source definitions, approved inline microdefinitions and approved participant-reference definitions. Four reference-only definitions (Data Infrastructure & Methodology, Outcome Tracking and both cross-cutting tags) combine the frozen definition with imported authoritative inclusion/exclusion boundary clauses, with exact source fields, paths and text. All approved inline microdefinitions remain unchanged. The participant reference now states that Research Domains may be multiple and unranked, distinguishes the maximum-two Analytical Purpose rule, prepares participants to judge fit and public-entry visibility, adds a framework-definition lead-in for Unclear, and remains free of build/audit scaffolding. Equivalent unranked multi-Domain guidance was added descriptively to the Project Review introduction without a response field.","Display and descriptive guidance only. Canonical labels, frozen taxonomy definitions, inclusion/exclusion and cardinality rules, production classifications, visibility coding, branching, requiredness and analytical completion are unchanged. The four combined reference definitions are explicitly traced as frozen definitions plus imported boundary clauses and are not described as verbatim frozen wording; the other 18 were verified against their cited definition after whitespace normalisation.",no,"No protocol or participant-facing Word document was edited. Coordinated Participant Information, Questionnaire, invitation, protocol, ethics and governance alignment remains required before recruitment.","No real participant data, sample, assignment, response or REDCap connection was created. Candidate 0.2 and frozen sources remain unchanged.","Balint Stewart explicitly approved the 22 owner microdefinitions and reference definitions; technical provenance remains in the display YAML, human-review CSV, specification and manifest rather than participant-visible Markdown.",owner-redcap-candidate-0.3,2026-07-23,Unfrozen pre-import candidate; taxonomy wording approved for participant use; technically ready for controlled synthetic PID 9149 import; live QA and coordinated participant-document alignment pending.
REDCAP-013,2026-07-23,owner-redcap-candidate-0.3,public_register_url Text Validation Type,"Removed the unsupported url validation type reported by UCL REDCap while retaining public_register_url as a survey-read-only text field with unchanged label, note, branching, visibility and imported URL values. Added target-instance validation-type allow-list and lower-case checks.",The target UCL REDCap instance rejected url in dictionary cell H18. Leaving validation blank preserves the public-register URL data and participant-facing meaning without substituting an inappropriate validator.,no,"No protocol, taxonomy, participant-facing document or analytical rule changed. This remains a pre-import correction within unfrozen candidate 0.3.","No real participant data, sample, assignment, response or REDCap connection was created; synthetic URL values remain unchanged.",Offline builder and validator correction required before retrying the controlled synthetic dictionary import.,owner-redcap-candidate-0.3,2026-07-23,Unfrozen pre-import candidate; corrected dictionary requires validation and controlled synthetic import retry.
REDCAP-014,2026-07-23,owner-redcap-candidate-0.3,synthetic Data Import Tool fixture columns,Corrected the synthetic fixture after PID 9149 rejected descriptive fields and unexpanded checkbox base variables as non-data columns. Canonical generation now emits only stored non-checkbox dictionary fields plus valid REDCap structural/completion fields; no checkbox columns are emitted because no participant checkbox responses are pre-populated.,"REDCap descriptive fields do not store data, and checkbox imports require field___code expansion rather than base variable names. The pristine fixture therefore requires neither class of column.",no,"No dictionary field, participant-facing content, branching, response coding, taxonomy or analytical rule changed. This is a live-QA fixture defect and pre-production correction within unfrozen candidate 0.3.","The synthetic fixture remains three owners, 19 pre-created assignments and 22 rows. Assignment metadata, proposed classifications, versions and repeat identifiers are unchanged; no real or participant response data were added.","Offline validation now checks every fixture column against dictionary storage type, valid checkbox expansion syntax/codes and REDCap structural fields.",owner-redcap-candidate-0.3,2026-07-23,Unfrozen candidate; fixture corrected for controlled synthetic PID 9149 import retry; live QA remains pending.
REDCAP-015,2026-07-23,owner-redcap-candidate-0.3,intended_recipient participant-visible field note,Removed the internal note stating that a No response must be dispositioned in a separate restricted recruitment/contact system. The participant-visible Field Note is now blank; no replacement administrative wording was added.,Synthetic live QA showed that the internal recruitment-administration instruction was rendered to participants. It belongs outside participant-facing REDCap content.,no,"No protocol, taxonomy, response code or analytical rule changed. The intended-recipient label, Yes/No choices, requiredness, owner_consent and wrong-recipient branching, manual Stop Action and Project Review Survey Queue condition remain unchanged.","No participant response, real record, sample or contact workflow was changed. This is a participant-facing live-QA defect and pre-production correction within unfrozen candidate 0.3.",Offline validation now requires a blank intended_recipient Field Note and rejects the exposed internal phrases in participant-visible dictionary text.,owner-redcap-candidate-0.3,2026-07-23,Unfrozen candidate; participant-facing note corrected; controlled synthetic live QA remains pending.
REDCAP-016,2026-07-23,owner-redcap-candidate-0.3,Project Review introduction and descriptive formatting; taxonomy-fit explanation; eight proposed-classification explanation pairs,"Corrected four linked live-QA defects in one pre-import regeneration: replaced the repeat opening with concise Domain, Purpose and tag guidance; separated the privacy warning and non-production taxonomy-reference placeholder using balanced semantic HTML; added a 17-row participant-formatting audit; removed duplicate po_tax_other; and replaced the eight combined proposed-classification basis fields with sixteen distinct correctness and public-visibility explanations placed immediately after their respective questions.","Synthetic PID 9149 live QA showed that withdrawal content interrupted every repeat, descriptive formatting needed explicit semantic control, Other taxonomy problem elicited duplicate required text, and combined explanation fields conflated actual-project fit with public-register evidence limitations.",no,"No protocol, participant DOCX, taxonomy rule, visibility code, response choice, Survey Queue condition or repeating architecture changed. Analytical completion now requires each of the two explanation families only when its separate trigger applies.","No real participant data, sample, assignment or response changed. The pristine synthetic fixture remains three owners, 19 assignments and 22 rows; newly generated explanation columns are blank.",Repository correction only; full offline validation and a controlled dictionary re-import are required before PID 9149 live QA continues.,owner-redcap-candidate-0.3,2026-07-23,Unfrozen candidate; participant-facing content/formatting and branching corrected; controlled synthetic dictionary re-import and live QA pending.
REDCAP-017,2026-07-23,owner-redcap-candidate-0.3,Participant Information and Consent v2; Review Questionnaire v2; protocol v0.16 owner-stream description,"Aligned the ethics/DPO review documents from obsolete expression-of-interest, separate project-link and record-per-assignment wording to one personalised Survey Queue link, intended-recipient confirmation, consent once and pre-created repeating project reviews. Recorded all/some/none participation, Save & Return Later, the same return link, long-format owner/review rows and separate contact handling. The questionnaire now documents the existing candidate-0.3 split correctness/visibility explanations and single taxonomy-fit explanation.",Candidate 0.3 is the current unfrozen owner architecture. The documentation correction is required for ethics/DPO submission and does not claim that PID 9149 live QA or approval is complete.,no,"Protocol v0.16 changes only stale Project Owner workflow, data-structure and analytical-completion descriptions. The 1,308-record population, final 22-record exclusion set, 150/75 scratch design, 25/25/25 allocation, reserves, seeds, blinding, bootstrap and release rules are unchanged.","No real participant data, sample, assignment, response or REDCap record was created. Participant-document v1 files, protocol v0.15 and the invitation email are preserved unchanged.","Prepared for ethics/DPO submission; this is not ethics/DPO approval, preregistration approval, REDCap live-QA completion or authorisation for recruitment.",owner-redcap-candidate-0.3,2026-07-23,Documentation aligned for submission review; candidate 0.3 remains unfrozen and requires controlled REDCap live QA before recruitment.
REDCAP-018,2026-07-23,owner-redcap-candidate-0.3,Read-only proposed-classification overview; Save & Return Later and withdrawal guidance; live-setting documentation; sufficiency-branch isolation,"Added one participant-visible classification overview backed by three survey-hidden deterministic proposal-summary fields; corrected the repeat and Survey Queue wording to require Save & Return Later before leaving; documented return-without-code, completed-response, auto-continue, redirect and repeat settings; placed a concise withdrawal reminder near submission; and verified that po_suff_explain is controlled only by Partial or Insufficient public-entry sufficiency.","Continuing synthetic live QA showed that participants need the whole proposed classification in context, precise pause/return instructions, a concise response-specific withdrawal reminder, and an explicit repository assertion separating public-entry sufficiency from per-classification correctness.",no,"No protocol, taxonomy definition, response code, Survey Queue eligibility condition, Stop Action, repeating architecture or analytical-completion rule changed. The three stored summaries and descriptive overview are display support only and are excluded from analytical outcomes and completion.","No real participant data, sample, assignment or response changed. The fixture remains three synthetic owners, 19 assignments and 22 rows; summary values are deterministic derivatives of existing proposal fields.",Repository validation and a controlled dictionary/fixture re-import are required before PID 9149 live QA continues; required survey settings remain to be verified manually.,owner-redcap-candidate-0.3,2026-07-23,"Unfrozen live-QA correction; delete disposable synthetic records, re-import the 108-field dictionary and 90-column fixture, verify settings and export all 19 offered rows."
REDCAP-019,2026-07-23,owner-redcap-candidate-0.3,Conditional explanation wording and cross-cutting-tag visibility stems,Removed the repeated sentence 'Do not provide confidential or non-public information.' from 20 conditional per-question labels while preserving the central po_privacy and po_final_warning warnings. Replaced both tag visibility stems with 'Is the basis for this tag status visible in the public project title and datasets listed above?'.,Live-QA wording review found unnecessary repetition of the central privacy warning and a Yes/No-style tag stem paired with the four-level visibility scale.,no,"No protocol implementation was changed because the current protocol DOCX is hand-maintained. DEV-001 records the separate pending manual withdrawal-wording correction. No field, branching, requiredness, response code, analytical-completion or taxonomy rule changed.","No real participant data, sample, assignment or response changed. The dictionary remains 108 fields and the fixture remains three synthetic owners, 19 assignments, 22 rows and 90 importable columns.","Repository wording correction only; questionnaire and protocol manual edits remain pending, and controlled PID 9149 re-import/live QA is still required.",owner-redcap-candidate-0.3,2026-07-23,Unfrozen wording-only correction implemented in generated REDCap artefacts; hand-maintained Questionnaire v2 and protocol v0.17 updates pending.
REDCAP-020,2026-07-23,owner-redcap-candidate-0.3,Conditional free-text requiredness and analytical completion; Questionnaire v3; protocol candidate v0.17; final-applicability analysis semantics and documentation fidelity,"Reduced mandatory prose without removing fields or structured judgements: correctness explanations now branch only on explicit disagreement and remain required; visibility, missing-label, sufficiency, project-knowledge and taxonomy explanations are optional. Clarified taxonomy gaps versus omitted existing labels. Created Questionnaire v3 and protocol candidate v0.17, including the previously pending privacy, tag-stem and withdrawal wording corrections. Follow-up semantic hardening preserves raw retained hidden values but masks them from derived completion and analysis when final parent responses make them inapplicable; defines blank optional prose as not provided and qualitative comments as non-prevalence enrichment; restores layer-specific visibility referents and protocol traceability/measurement-level wording.","Live-QA review identified that requiring prose for uncertainty and enrichment could bias structured responses and increase burden. Standard REDCap requiredness is represented natively by narrowing correctness-explanation branching to explicit disagreement. REDCap may retain hidden child values after a parent response changes, so analysis must apply the final branching state. Diagnostic signals support adjudication and do not by themselves establish a definitive error source.",no,"Protocol candidate v0.17 documents the revised free-text requiredness and analytical-completion rule and changes the participant withdrawal deadline wording from before analysis lock to before analysis begins. Protocol v0.15 and all scratch methods remain unchanged. The current v0.17 candidate now defines label-level visibility versus project-level diagnostics, residual disagreement-burden asymmetry, optional-text interpretation, final-state masking, and the operational start of analysis for withdrawal.","No real participant data, sample, assignment, response or analytical output changed. The dictionary remains 108 fields; the synthetic fixture remains three owners, 19 assignments, 22 rows and 90 importable columns.","Repository pre-import correction only. Controlled PID 9149 dictionary re-import and live QA remain required; no ethics, DPO or preregistration approval is claimed.",owner-redcap-candidate-0.3,2026-07-23,"Unfrozen candidate; burden-reduction and documentation alignment implemented; controlled synthetic re-import/live QA pending. Semantic hardening completed in place; no field, code, branch, requiredness or version change."
REDCAP-021,2026-07-28,owner-redcap-candidate-0.4,Owner Consent ethics-resubmission v3 alignment; acknowledgement wording; quotation policy,"Added ten separately auditable owner-level consent confirmations and a deterministic all-confirmed flag; retained the final affirmative consent decision and active decline; added the all-confirmed gate to Project Review Survey Queue eligibility; removed obsolete per-project quotation permission; corrected acknowledgement wording.","Align the REDCap consent implementation with final ethics-resubmission v3 wording for UCL Project ID 5004. Quotation agreement is now requested only at point of use with exact proposed wording and context.",no,"Valid owner consent joined to review rows now requires intended-recipient Yes, all ten confirmations, final consent Yes and Owner Consent Complete. Project Review scientific questions and branching are unchanged apart from quotation-field removal.","No taxonomy, classification, assignment, sampling, project metadata, participant data or live REDCap record changed. Candidate 0.3 and the frozen scratch-coder project are preserved unchanged.","Offline candidate generation and validation only. Controlled authorised-administrator migration and live QA are mandatory; recruitment remains blocked.",owner-redcap-candidate-0.4,2026-07-28,"Unfrozen pre-recruitment development candidate; non-authoritative until controlled migration/live QA and approval."
REDCAP-022,2026-07-28,owner-redcap-candidate-0.4,Canonical participant-document and REDCap display alignment,"Aligned the canonical consent acknowledgement label and full response labels; aligned all reported Project Review question labels; documented the exact inline checkbox microdefinitions; adopted 'Missing or inadequately represented category' for Q11b; expanded Appendix B to the complete valid owner-consent join; pinned both canonical DOCX files by hash and size; added exact document/dictionary validation.","Complete candidate 0.4 participant-document traceability after the ethics-resubmission document corrections without creating a new candidate version.",no,"Participant-facing wording and one taxonomy-problem response label changed as documented. Branching, requiredness, the ten-confirmation consent condition, Survey Queue gate and analytical design are unchanged.","No taxonomy rules, production classifications, sampling, assignments, participant data or live REDCap records changed. Candidate 0.3 and the frozen scratch-coder project remain byte-for-byte unchanged.","Offline document, generator, generated-output, validation and manifest update only. Controlled migration and live QA remain mandatory and recruitment remains blocked.",owner-redcap-candidate-0.4,2026-07-28,"Participant-document alignment complete in the repository; candidate remains unfrozen and non-authoritative pending controlled migration/live QA and approval."
REDCAP-023,2026-07-28,owner-redcap-candidate-0.4,Cross-cutting-tag definitions; operational two-tag invariant; quotation-permission audit,"Aligned the main Project Review display with the full existing authoritative two-sentence definitions for Demographic disparities / equity tag and COVID-19 & Pandemic; documented and tested the exact two-tag operational invariant and explicit inclusion rule; confirmed that lifecycle status is not the sole inclusion criterion; confirmed obsolete per-project quotation permission remains absent and the point-of-use written email process remains current.","Strengthen participant-facing cross-cutting-tag definitions, verify the two-tag operational invariant, and confirm removal of obsolete project-level quotation permission before controlled REDCap migration.",no,"No study-design or classification rule changed. Both independent tag correctness and visibility blocks and their analytical-completion requirements remain in place; candidate 0.4 remains the same version.","No taxonomy category or classification decision changed. The frozen taxonomy, production prompt, candidate 0.3, owner sampling, assignments, participant data and live REDCap records remain unchanged.","Offline generator, document, fixture, specification, validation, audit and traceability update only. Controlled migration and live QA remain mandatory.",owner-redcap-candidate-0.4,2026-07-28,"Unfrozen pre-recruitment non-authoritative candidate; recruitment remains blocked pending controlled migration, live QA and approval."
REDCAP-024,2026-07-28,owner-redcap-candidate-0.4,po_taxonomy_ref; po_intro order and wording; missing-domain review draft,"Removed po_taxonomy_ref and its non-production participant placeholder without replacement; replaced the long po_intro with the exact concise questionnaire orientation and moved it before po_classification_overview; created an 11-line boundary-bearing missing-domain review draft that is not implemented.","Remove the non-production taxonomy-reference placeholder, align and reorder participant-facing classification orientation, and prepare boundary-bearing missing-domain descriptions for author review before controlled REDCap migration.",no,"No study-design, consent, branching, tag, taxonomy or analytical rule changed. Current Q6b choices remain unchanged and the missing-domain proposals are not implemented or approved.","No taxonomy category, production classification, owner sampling, project assignment, participant data or live REDCap record changed. Candidate 0.3 and frozen taxonomy and prompt artefacts remain unchanged.","Offline candidate-0.4 generator, canonical questionnaire, generated artefacts, review draft, validation and traceability update only. No separate taxonomy-reference document will be used.",owner-redcap-candidate-0.4,2026-07-28,"Unfrozen pre-recruitment non-authoritative candidate; recruitment and migration remain blocked pending author approval of the missing-domain wording, controlled implementation and subsequent live QA."
REDCAP-025,2026-07-28,owner-redcap-candidate-0.4,Approved missing-Research-Domain microdefinitions and semantic-concordance QA,"Added owner-instrument-specific missing-Research-Domain microdefinitions derived from the frozen taxonomy's definitions, inclusion rules, exclusion rules and counterexamples. These participant-facing display aids identify missing Domains without changing the frozen taxonomy, category membership, production classification rules or dashboard schema. Added automated label-set and exact-text alignment checks, an author-approved full-definition/microdefinition concordance record, and a mandatory live-QA semantic-concordance assertion.","Implement the eleven Q6b lines explicitly approved by the project author on 2026-07-28 and prevent the full proposed-label definitions and compressed missing-label wordings from drifting in different substantive directions.",no,"Q6b participant-facing choice text changes to the exact approved wording; the canonical labels, existing checkbox codes, Q6a/Q6b/Q6c branching and requiredness, proposed-label full definitions, consent architecture, two-tag invariant and analytical completion rules are unchanged.","Unclear from Register Entry remains excluded. No taxonomy field or freeze cycle was added; no frozen taxonomy, production prompt, classification, dashboard data, owner sample, assignment, participant data or live record changed.","Offline candidate-0.4 generator, canonical questionnaire, generated artefacts, approval/concordance records, validation and traceability update only. Controlled PID 9149 migration and 11-Domain live semantic/display QA remain mandatory.",owner-redcap-candidate-0.4,2026-07-28,"Wording author-approved and repository-implemented; candidate remains unfrozen, pre-recruitment and non-authoritative pending controlled migration and successful live QA."
REDCAP-026,2026-07-28,owner-redcap-candidate-0.4,po_intro substantive-focus paragraph; po_miss_domain_reminder; po_miss_purpose_reminder,"Added and visually emphasised the governing Project Owner classification threshold: a Research Domain or Analytical Purpose applies only when it is a substantive focus of the project's research question or analytical aims, not merely because related terms, datasets, variables, methods or outcomes are mentioned or used. Added concise, emphasised reminders at the missing-Domain and missing-Purpose decision points. No taxonomy rule, category, classification, response code or analytical construct was changed.","Clarifies the existing frozen rules and makes the substantive-focus threshold prominent before proposed classifications and at both missing-label decisions.",no,"The approved Q6b microdefinitions remain unchanged. Two display-only descriptive fields were added immediately before Q6b and Q7b; checkbox choices, codes, order, branching, requiredness, exports, consent logic and analytical completion remain unchanged.","No candidate-0.3 artefact, frozen taxonomy, production prompt, classification, sample, assignment, participant data or live REDCap record changed.","Offline candidate-0.4 generator, canonical questionnaire, generated artefacts, validation, documentation and traceability update only. Controlled PID 9149 migration and live presentation/emphasis QA remain mandatory.",owner-redcap-candidate-0.4,2026-07-28,"Candidate 0.4 remains unfrozen, pre-recruitment and non-authoritative; live presentation and emphasis remain subject to PID 9149 QA; migration and recruitment remain blocked."
REDCAP-027,2026-08-18,owner-redcap-candidate-0.4,"rc3 proposed-label definitions; missing-label references; read-only stimulus formatting and provenance","Adopted taxonomy 1.0-rc3 short definitions for proposed-label displays; converted missing-label choices to label-only menus with complete point-of-need definitions; repaired read-only requiredness, normal-weight descriptive bodies, privacy wording and public-register provenance; and added an extended synthetic QA fixture.","Defect-log review found dense choice text, incomplete reference delivery, required read-only fields, descriptive-weight bleed and unclear register provenance. The rc3 display definitions matched the preserved candidate-0.3 owner wording.",no,"No frozen taxonomy, production prompt or classification rule changed. This interim implementation retained post-menu identification radios and was subsequently simplified by REDCAP-029.","No real participant response, sample, assignment or live REDCap record changed. Synthetic fixtures only were regenerated or added.","Repository implementation and offline validation only; controlled migration, semantic/display QA and applicable ethics reconciliation remained pending.",owner-redcap-candidate-0.4,2026-08-18,"Core definition, reference, provenance and formatting repairs retained; interim missing-label arrangement superseded by REDCAP-029; candidate remains unfrozen and pre-recruitment."
REDCAP-028,2026-08-18,owner-redcap-candidate-0.4,"owner-consent confirmation gate; consent_form_ver; participant-facing consent guidance","Made all ten consent confirmations required, added a stored owner-consent version default for otherwise blank records, removed internal consent field notes and strengthened deterministic affirmative gating. An additional wider-context sentence was temporarily appended to consent_no_nonpublic.","Candidate-0.4 live QA found that incomplete confirmation sets could be submitted and that the consent-version token needed a safe blank-record fallback.",no,"Consent validity still requires intended-recipient Yes, all ten stored confirmations affirmative, final consent Yes and Owner Consent Complete. The temporary extra consent sentence was removed in REDCAP-031 to restore exact approved wording.","No real owner consent, Project Review, sample or assignment changed; synthetic negative, omission, decline and default-version paths were expanded.","Repository correction and offline consent-path validation only; target-runtime default storage and consent gates still required controlled live QA.",owner-redcap-candidate-0.4,2026-08-18,"Gate and version repairs retained; temporary consent wording superseded by REDCAP-031; candidate remains unfrozen and pre-recruitment."
REDCAP-029,2026-08-18,owner-redcap-candidate-0.4,"po_classification_overview and hidden summaries; missing-label identification radios; reference blocks; consent negative-response actions","Removed the read-only classification overview and its three hidden summaries, removed the three post-menu Yes/No/Unsure missing-label radios, made submitted checkbox state the direct missing-label measure, changed all three definition references to always-open blocks and documented manual mis-click-recovery Stop Actions for Not confirmed consent responses.","Live-QA review found duplicated overview content, unnecessary gate questions, unsupported collapsible reference behaviour and a need for recoverable negative-consent handling.",no,"Missing-label measurement changed from required post-list radios plus optional checkboxes to unconditional optional checkbox menus, where an all-zero submitted set means no missing label selected. Questionnaire and applicable ethics/change-control reconciliation remained required.","No real response or assignment changed. Removed fixture/export columns were blank synthetic or display-support values; candidate field count fell from 123 to 116.","Repository implementation and offline validation only; controlled migration, manual Stop Action configuration and live QA remained mandatory.",owner-redcap-candidate-0.4,2026-08-18,"Current missing-label and overview architecture; unfrozen, non-authoritative and blocked from migration or recruitment pending reconciliation and live QA."
REDCAP-030,2026-08-18,owner-redcap-candidate-0.4,"Participant Information v3/v3.1 derivatives; participant_info_link source","Created auditable inline/PDF participant-information and consent-statement derivatives from the preserved ethics-approved v3 source, then corrected the information sheet to v3.1: review duration changed from 3–5 to 5–10 minutes with the first review potentially longer, and the withdrawal reference location changed from the end to the top of each review.","Live QA measured the longer review duration and confirmed the Review reference is displayed at the top. The ten consent statements remained unchanged and the original v3 file was archived byte-for-byte.",no,"The two v3.1 edits correct burden description and navigation, not study procedure, participant obligations, consent protections, classification rules or response coding.","No participant data or live record changed. Only participant-document sources and derived HTML/PDF/JSON artefacts were created or regenerated.","Derived-material checks passed; v3.1 remained subject to applicable ethics/change control and controlled REDCap delivery QA before recruitment.",owner-redcap-candidate-0.4,2026-08-18,"Corrected v3.1 source retained and incorporated into the instrument by REDCAP-031; original ethics-approved v3 preserved."
REDCAP-031,2026-08-18,owner-redcap-candidate-0.4,"Live-QA batch D5–D15: inline information, po_llm_disclaimer, guidance, visibility stems and administrative requiredness","Embedded the pinned v3.1 participant information verbatim; added a per-review LLM-status disclaimer; aligned the measured review duration, concise privacy/form guidance and strict approved consent statement; revised classification/status visibility stems; clarified repeated missing-label guidance; and made survey-hidden administrative fields non-required. Candidate field count became 117.","The D5–D15 live-QA batch identified information-delivery, wording, visibility-referent, repeated-list and hidden-field submission risks that required one coherent regeneration.",no,"No taxonomy or classification rule changed. Questionnaire v3 became stale relative to these live-QA wording and structure corrections and requires reconciliation and applicable ethics/change-control action before production.","No real participant response, sample, assignment or live record changed. The three-owner, 19-review, 22-row synthetic fixture was regenerated only.","Repository implementation and offline validation only; controlled migration, source/live comparison, ethics reconciliation and runtime QA remained mandatory.",owner-redcap-candidate-0.4,2026-08-18,"Current candidate baseline for inline information and core QA repairs; unfrozen, pre-recruitment and non-authoritative."
REDCAP-032,2026-08-22,owner-redcap-candidate-0.4,"po_intro; missing-Domain/Purpose reminders and guidance; missing-tag definitions","Rewrote the substantive-focus rule and Domain/Purpose reminders in shorter imperative language, added explicit maximum-two final-classification guidance for missing Purposes, simplified repeated-label instructions and supplied concise boundary-bearing missing-tag definitions and guidance.","Participant-facing wording review found that the existing thresholds and repeated-list instructions could be made more direct without changing their meaning.",no,"No category, response code, branching, requiredness or analytical construct changed. The candidate wording remains subject to participant-document and ethics/change-control reconciliation.","No real or synthetic response values, sample, assignment or classification changed; generated display/specification artefacts were regenerated.","Repository wording implementation and exact-text validation only; controlled migration and live display QA remained pending.",owner-redcap-candidate-0.4,2026-08-22,"Current point-of-need instruction wording; candidate remains unfrozen, pre-recruitment and non-authoritative."
REDCAP-033,2026-08-22,owner-redcap-candidate-0.4,"owner_intro; po_register_provenance; po_final_warning","Clarified that invited projects are DEA 2017-accredited, stated register provenance as at 1 June 2026, removed duplicated privacy guidance from owner_intro and replaced the final generic quotation caution with the exact point-of-use email agreement process.","Final wording review found ambiguous register naming/date, duplicated guidance and a quotation warning that did not accurately describe the approved permission process.",no,"No consent condition, response option, branching, taxonomy rule or analytical construct changed; the existing point-of-use written quotation agreement policy was restated accurately.","No participant response, sample, assignment, classification or live record changed.","Repository wording correction and offline validation only; controlled migration and live presentation QA remained mandatory.",owner-redcap-candidate-0.4,2026-08-22,"Current invitation, provenance and quotation-process wording; candidate remains unfrozen and pre-recruitment."
REDCAP-034,2026-08-22,owner-redcap-candidate-0.4,"participant_info_link inline HTML spacing","Added explicit line breaks between participant-information blocks for REDCap rendering, propagated the pinned derivative into the dictionary and then removed an extra duplicated break so headings retain one consistent separation.","Rendered inline information lacked reliable spacing between adjacent block elements; follow-up inspection found the first repair doubled the intended gap.",no,"Formatting-only correction; participant-information wording, consent statements, response structure and study procedures are unchanged.","No participant data, fixture values, sample, assignment or live record changed.","Pinned-source hashes and regression checks were updated; controlled desktop/mobile live rendering QA remains required.",owner-redcap-candidate-0.4,2026-08-22,"Current inline participant-information spacing; candidate remains unfrozen and pre-recruitment."
REDCAP-035,2026-08-23,owner-redcap-candidate-0.4,"po_intro How the classifications work block","Contained and closed the heading emphasis before the normal-weight body, and bolded only the terms Research Domains and Analytical Purposes while leaving both definitions at normal weight.","W10 review found heading emphasis bleeding into the first definition and the two recurring classification terms undifferentiated in running prose.",no,"Markup-only emphasis correction; wording, classification thresholds, response fields, branching, requiredness and analytical constructs are unchanged.","No participant response, sample, assignment, classification, fixture value or live REDCap record changed.","Repository implementation, generated artefact refresh and offline markup validation only; controlled desktop/mobile live presentation QA remains required.",owner-redcap-candidate-0.4,2026-08-23,"Current po_intro emphasis markup; candidate remains unfrozen, pre-recruitment and non-authoritative."
REDCAP-036,2026-08-24,owner-redcap-candidate-0.4,"participant_info_link; consent_withdrawal_deadline; collection and withdrawal dates","Replaced the pinned inline participant information with v3.2 and revised collection close from 18 September to Monday 5 October 2026 and the withdrawal deadline from 2 October to Monday 19 October 2026.","The 24 August invitation date makes 5 October the registered day-42 close and 19 October the 14-calendar-day withdrawal deadline; the longer window removes the contemplated compressed-window departure.",no,"Restores the registered 42-day collection window and retains the registered 14-calendar-day withdrawal period; no classification rule, response structure, sampling rule or study procedure changed.","Implemented before recruitment and before any real owner response; no participant, assignment or formal-study data changed.","Participant Information v3.2 and its pinned derivative were verified; approved v3/v3.1 and Questionnaire v3 sources remained preserved under change control.",owner-redcap-candidate-0.4,2026-08-24,"Current v3.2 inline information and collection/withdrawal dates; incorporated in the frozen PID 9149 instrument."
REDCAP-037,2026-08-24,owner-redcap-candidate-0.4,"PID 9149 freeze; deployed and generated dictionaries; live-QA archive; test-record purge","Froze PID 9149 at owner-redcap-candidate-0.4 with 117 fields. Archived deployed export SHA-256 51518c588d4b32393b7a2cce4a84d63c4fdc75219434d28df580f8959246bf2a and generated source SHA-256 d0b03b8d98e02fe1960377512e9f5e28dd8bc1b9465b6a6df0e34d4a87774be6; live QA was completed and archived.","Cell-by-cell reconciliation found no difference after only the six authorised REDCap storage transformations: BOM, CSV quoting, leading Field Annotation whitespace, br-to-line-feed storage, ampersand entity decoding and the first-field section-header drop confirmed in the Codebook.",no,"Freeze records the validated deployed instrument; no scientific, protocol, consent, classification or sampling change. Production transition remains a separate manual action.","All test records were purged; the verification export decompresses to zero bytes with no header or rows. No real participant data were present or changed.","Live QA and source/live reconciliation completed and archived; frozen dictionary archived as the registration addendum; no REDCap Production transition performed.",owner-redcap-candidate-0.4,2026-08-24,"Frozen in Development on 24 August 2026; registration addendum and QA evidence archived; manual signature and Production transition pending."
REDCAP-038,2026-08-24,owner-redcap-candidate-0.4,"participant_info_ver; candidate-0.4 generator and synthetic/import derivatives","Corrected the active participant-information provenance stamp from project-owner-information-v3.1 to project-owner-information-v3.2 in the authoritative generator and regenerated the affected current-state derivatives. Participant-facing v3.2 content, PDF attachment and consent wording were already correct.","Post-freeze review found that REDCAP-036 moved participant materials to v3.2 but the generator constant retained the v3.1 machine identifier. The prior Instruction 25 production and smoke CSVs were never imported and were superseded before import.",no,"Provenance/version-stamp correction only; no participant-facing wording, consent protection, study procedure, classification, response structure, sampling rule or REDCap configuration changed.","No participant had been imported or consented under the erroneous stamp. No real response, assignment, classification or participant record changed.","Generator corrected upstream; affected derivatives regenerated; signed human evidence preserved byte-identical; no REDCap operation performed.",owner-redcap-candidate-0.4,2026-08-24,"Post-freeze provenance correction completed before Production and before any production or smoke-test record import."
